participant_id,display_name,strategy_id,simulated,starting_cash,ending_equity,cash,liquidation_value,realized_pnl,unrealized_pnl,fees,trade_count,open_positions,roi,max_drawdown,settled_round_trips,wins,losses,win_rate_settled,rank,tied,competition_id
sim-ada-hold,Ada Hold,hold_cash,True,10000.0000,10000.0000,10000.0000,0.0000,0.0000,0.0000,0.0000,0,0,0.0000,0.0000,0,0,0,,1,True,nobel-forward-primary
sim-basil-favorite,Basil Favorite,favorite_hold,True,10000.0000,10000.0000,10000.0000,0.0000,0.0000,0.0000,0.0000,0,0,0.0000,0.0000,0,0,0,,1,True,nobel-forward-primary
sim-jonas-exit,Jonas Exit,favorite_exit,True,10000.0000,10000.0000,10000.0000,0.0000,0.0000,0.0000,0.0000,0,0,0.0000,0.0000,0,0,0,,1,True,nobel-forward-primary
sim-gina-tight,Gina Tight,tight_value,True,10000.0000,7355.2740,4963.8900,2391.3840,0.0000,-2644.7260,289.7300,98,98,-0.2645,2644.7260,0,0,0,,4,False,nobel-forward-primary
sim-kira-null,Kira Null,seeded_null,True,10000.0000,7297.9550,1499.8450,5798.1100,0.0000,-2702.0450,225.5600,111,111,-0.2702,2702.0450,0,0,0,,5,False,nobel-forward-primary
sim-cleo-longshot,Cleo Longshot,longshot_hold,True,10000.0000,6200.5900,3649.5900,2551.0000,0.0000,-3799.4100,371.9100,114,114,-0.3799,3799.4100,0,0,0,,6,False,nobel-forward-primary
sim-elena-revert,Elena Revert,mean_revert,True,10000.0000,5494.2000,4744.6800,749.5200,-3943.2600,-562.5400,726.4100,235,17,-0.4506,4505.8000,109,0,109,0.0000,7,False,nobel-forward-primary
sim-hiro-slice,Hiro Slice,diversified_slice,True,10000.0000,4700.6740,1869.4200,2831.2540,0.0000,-5299.3260,461.3000,127,127,-0.5299,5299.3260,0,0,0,,8,False,nobel-forward-primary
sim-ines-volume,Ines Volume,volume_momentum,True,10000.0000,3286.6250,0.0260,3286.5990,-5763.7030,-949.6720,1502.5000,712,60,-0.6713,6713.3750,326,15,311,0.0460,9,False,nobel-forward-primary
sim-dmitri-momentum,Dmitri Momentum,momentum,True,10000.0000,556.3120,0.0520,556.2600,-9348.3790,-95.3090,2079.9900,1431,39,-0.9444,9443.6880,696,11,685,0.0158,10,False,nobel-forward-primary
sim-farid-fade,Farid Fade,contrarian,True,10000.0000,384.4890,0.0460,384.4430,-9376.1350,-239.3760,2157.0000,1420,44,-0.9616,9623.2610,688,16,671,0.0233,11,False,nobel-forward-primary
sim-ada-hold,Ada Hold,hold_cash,True,10000.0000,10000.0000,10000.0000,0.0000,0.0000,0.0000,0.0000,0,0,0.0000,0.0000,0,0,0,,1,False,nobel-settled-primary
sim-jonas-exit,Jonas Exit,favorite_exit,True,10000.0000,9996.5500,9996.5500,0.0000,-3.4500,0.0000,6.1500,3,0,-0.0003,43.9600,2,1,1,0.5000,2,False,nobel-settled-primary
sim-basil-favorite,Basil Favorite,favorite_hold,True,10000.0000,9939.0100,9939.0100,0.0000,-60.9900,0.0000,3.8400,2,0,-0.0061,60.9900,2,1,1,0.5000,3,False,nobel-settled-primary
sim-kira-null,Kira Null,seeded_null,True,10000.0000,9590.5700,9590.5700,0.0000,-409.4300,0.0000,66.2700,47,0,-0.0409,2844.4300,47,20,27,0.4255,4,False,nobel-settled-primary
sim-elena-revert,Elena Revert,mean_revert,True,10000.0000,9273.2300,9273.2300,0.0000,-726.7700,0.0000,192.7000,49,0,-0.0727,726.7700,28,3,25,0.1071,5,False,nobel-settled-primary
sim-hiro-slice,Hiro Slice,diversified_slice,True,10000.0000,9223.9200,9223.9200,0.0000,-776.0800,0.0000,126.2800,32,0,-0.0776,2276.0800,32,3,29,0.0938,6,False,nobel-settled-primary
sim-gina-tight,Gina Tight,tight_value,True,10000.0000,9094.0200,9094.0200,0.0000,-905.9800,0.0000,111.4400,56,0,-0.0906,1905.9800,56,2,54,0.0357,7,False,nobel-settled-primary
sim-cleo-longshot,Cleo Longshot,longshot_hold,True,10000.0000,8757.7600,8757.7600,0.0000,-1242.2400,0.0000,162.2400,57,0,-0.1242,2742.2400,57,3,54,0.0526,8,False,nobel-settled-primary
sim-ines-volume,Ines Volume,volume_momentum,True,10000.0000,6510.7100,6510.7100,0.0000,-3489.2900,0.0000,1235.9100,541,0,-0.3489,7480.2900,292,45,247,0.1541,9,False,nobel-settled-primary
sim-dmitri-momentum,Dmitri Momentum,momentum,True,10000.0000,3255.0100,3255.0100,0.0000,-6744.9900,0.0000,2001.5900,935,0,-0.6745,9892.9900,486,37,449,0.0761,10,False,nobel-settled-primary
sim-farid-fade,Farid Fade,contrarian,True,10000.0000,1548.0700,1548.0700,0.0000,-8451.9300,0.0000,2261.3100,1032,0,-0.8452,9999.9300,538,24,514,0.0446,11,False,nobel-settled-primary
sim-ada-hold,Ada Hold,hold_cash,True,10000.0000,10000.0000,10000.0000,0.0000,0.0000,0.0000,0.0000,0,0,0.0000,0.0000,0,0,0,,1,False,panel-settled-primary
sim-jonas-exit,Jonas Exit,favorite_exit,True,10000.0000,9778.6800,9778.6800,0.0000,-221.3200,0.0000,58.7800,30,0,-0.0221,221.3200,16,5,11,0.3125,2,False,panel-settled-primary
sim-basil-favorite,Basil Favorite,favorite_hold,True,10000.0000,9742.4000,9742.4000,0.0000,-257.6000,0.0000,31.3400,16,0,-0.0258,1470.6000,16,10,6,0.6250,3,False,panel-settled-primary
sim-kira-null,Kira Null,seeded_null,True,10000.0000,9353.3700,9353.3700,0.0000,-646.6300,0.0000,90.6500,37,0,-0.0647,2377.6300,37,9,28,0.2432,4,False,panel-settled-primary
sim-cleo-longshot,Cleo Longshot,longshot_hold,True,10000.0000,8772.6000,8772.6000,0.0000,-1227.4000,0.0000,127.4000,37,0,-0.1227,2227.4000,37,2,35,0.0541,5,False,panel-settled-primary
sim-gina-tight,Gina Tight,tight_value,True,10000.0000,8642.2700,8642.2700,0.0000,-1357.7300,0.0000,156.3600,45,0,-0.1358,3041.7300,45,6,39,0.1333,6,False,panel-settled-primary
sim-hiro-slice,Hiro Slice,diversified_slice,True,10000.0000,8264.9200,8264.9200,0.0000,-1735.0800,0.0000,177.4300,45,0,-0.1735,4034.0800,45,11,34,0.2444,7,False,panel-settled-primary
sim-elena-revert,Elena Revert,mean_revert,True,10000.0000,7884.7200,7884.7200,0.0000,-2115.2800,0.0000,744.5200,216,0,-0.2115,2172.0800,119,25,94,0.2101,8,False,panel-settled-primary
sim-ines-volume,Ines Volume,volume_momentum,True,10000.0000,3609.0500,3609.0500,0.0000,-6390.9500,0.0000,2353.4400,1045,0,-0.6391,9914.4400,546,98,448,0.1795,9,False,panel-settled-primary
sim-dmitri-momentum,Dmitri Momentum,momentum,True,10000.0000,3223.0200,3223.0200,0.0000,-6776.9800,0.0000,2428.1900,1072,0,-0.6777,9885.9800,555,81,474,0.1459,10,False,panel-settled-primary
sim-farid-fade,Farid Fade,contrarian,True,10000.0000,1657.3600,1657.3600,0.0000,-8342.6400,0.0000,4089.6900,1429,0,-0.8343,9406.7000,739,153,586,0.2070,11,False,panel-settled-primary
sim-ada-hold,Ada Hold,hold_cash,True,10000.0000,10000.0000,10000.0000,0.0000,0.0000,0.0000,0.0000,0,0,0.0000,0.0000,0,0,0,,1,True,nobel-forward-fee-off
sim-basil-favorite,Basil Favorite,favorite_hold,True,10000.0000,10000.0000,10000.0000,0.0000,0.0000,0.0000,0.0000,0,0,0.0000,0.0000,0,0,0,,1,True,nobel-forward-fee-off
sim-jonas-exit,Jonas Exit,favorite_exit,True,10000.0000,10000.0000,10000.0000,0.0000,0.0000,0.0000,0.0000,0,0,0.0000,0.0000,0,0,0,,1,True,nobel-forward-fee-off
sim-gina-tight,Gina Tight,tight_value,True,10000.0000,7645.0040,5253.6200,2391.3840,0.0000,-2354.9960,0.0000,98,98,-0.2355,2354.9960,0,0,0,,4,False,nobel-forward-fee-off
sim-kira-null,Kira Null,seeded_null,True,10000.0000,7523.5150,1725.4050,5798.1100,0.0000,-2476.4850,0.0000,111,111,-0.2476,2476.4850,0,0,0,,5,False,nobel-forward-fee-off
sim-cleo-longshot,Cleo Longshot,longshot_hold,True,10000.0000,6572.5000,4021.5000,2551.0000,0.0000,-3427.5000,0.0000,114,114,-0.3428,3427.5000,0,0,0,,6,False,nobel-forward-fee-off
sim-elena-revert,Elena Revert,mean_revert,True,10000.0000,6220.6100,5471.0900,749.5200,-3289.2300,-490.1600,0.0000,235,17,-0.3779,3779.3900,109,1,107,0.0092,7,False,nobel-forward-fee-off
sim-hiro-slice,Hiro Slice,diversified_slice,True,10000.0000,5161.9740,2330.7200,2831.2540,0.0000,-4838.0260,0.0000,127,127,-0.4838,4838.0260,0,0,0,,8,False,nobel-forward-fee-off
sim-ines-volume,Ines Volume,volume_momentum,True,10000.0000,4495.3290,256.0490,4239.2800,-4434.9230,-1069.7480,0.0000,725,67,-0.5505,5504.6710,329,21,301,0.0638,9,False,nobel-forward-fee-off
sim-dmitri-momentum,Dmitri Momentum,momentum,True,10000.0000,1075.5580,0.0980,1075.4600,-8616.1030,-308.3390,0.0000,1523,53,-0.8924,8924.4420,735,19,704,0.0259,10,False,nobel-forward-fee-off
sim-farid-fade,Farid Fade,contrarian,True,10000.0000,760.7520,0.1040,760.6480,-8913.4450,-325.8030,0.0000,1629,59,-0.9239,9251.7280,785,28,724,0.0357,11,False,nobel-forward-fee-off
sim-ada-hold,Ada Hold,hold_cash,True,10000.0000,10000.0000,10000.0000,0.0000,0.0000,0.0000,0.0000,0,0,0.0000,0.0000,0,0,0,,1,True,nobel-forward-size-250
sim-basil-favorite,Basil Favorite,favorite_hold,True,10000.0000,10000.0000,10000.0000,0.0000,0.0000,0.0000,0.0000,0,0,0.0000,0.0000,0,0,0,,1,True,nobel-forward-size-250
sim-jonas-exit,Jonas Exit,favorite_exit,True,10000.0000,10000.0000,10000.0000,0.0000,0.0000,0.0000,0.0000,0,0,0.0000,0.0000,0,0,0,,1,True,nobel-forward-size-250
sim-kira-null,Kira Null,seeded_null,True,10000.0000,8315.0870,0.0370,8315.0500,0.0000,-1684.9130,149.5200,63,63,-0.1685,1684.9130,0,0,0,,4,False,nobel-forward-size-250
sim-gina-tight,Gina Tight,tight_value,True,10000.0000,7101.4000,4638.9000,2462.5000,0.0000,-2898.6000,304.1000,98,98,-0.2899,2898.6000,0,0,0,,5,False,nobel-forward-size-250
sim-cleo-longshot,Cleo Longshot,longshot_hold,True,10000.0000,6200.5900,3649.5900,2551.0000,0.0000,-3799.4100,371.9100,114,114,-0.3799,3799.4100,0,0,0,,6,False,nobel-forward-size-250
sim-elena-revert,Elena Revert,mean_revert,True,10000.0000,5213.8900,4406.8900,807.0000,-4201.7800,-584.3300,794.1100,235,17,-0.4786,4786.1100,109,0,109,0.0000,7,False,nobel-forward-size-250
sim-hiro-slice,Hiro Slice,diversified_slice,True,10000.0000,4284.4400,1293.4400,2991.0000,0.0000,-5715.5600,486.5600,127,127,-0.5716,5715.5600,0,0,0,,8,False,nobel-forward-size-250
sim-ines-volume,Ines Volume,volume_momentum,True,10000.0000,3035.9780,0.0690,3035.9090,-6374.3070,-589.7150,1693.6700,682,52,-0.6964,6964.0220,315,15,300,0.0476,9,False,nobel-forward-size-250
sim-dmitri-momentum,Dmitri Momentum,momentum,True,10000.0000,779.3270,0.0930,779.2340,-9162.3790,-58.2940,2325.8600,1126,26,-0.9221,9220.6730,550,10,539,0.0182,10,False,nobel-forward-size-250
sim-farid-fade,Farid Fade,contrarian,True,10000.0000,152.9410,0.1020,152.8390,-9700.3820,-146.6770,2405.1200,1287,35,-0.9847,9866.4590,626,10,615,0.0160,11,False,nobel-forward-size-250
sim-jonas-exit,Jonas Exit,favorite_exit,True,10000.0000,10002.7000,10002.7000,0.0000,2.7000,0.0000,0.0000,3,0,0.0003,39.9000,2,1,1,0.5000,1,False,nobel-settled-fee-off
sim-ada-hold,Ada Hold,hold_cash,True,10000.0000,10000.0000,10000.0000,0.0000,0.0000,0.0000,0.0000,0,0,0.0000,0.0000,0,0,0,,2,False,nobel-settled-fee-off
sim-basil-favorite,Basil Favorite,favorite_hold,True,10000.0000,9942.8500,9942.8500,0.0000,-57.1500,0.0000,0.0000,2,0,-0.0057,57.1500,2,1,1,0.5000,3,False,nobel-settled-fee-off
sim-kira-null,Kira Null,seeded_null,True,10000.0000,9656.8400,9656.8400,0.0000,-343.1600,0.0000,0.0000,47,0,-0.0343,2778.1600,47,20,27,0.4255,4,False,nobel-settled-fee-off
sim-elena-revert,Elena Revert,mean_revert,True,10000.0000,9465.9300,9465.9300,0.0000,-534.0700,0.0000,0.0000,49,0,-0.0534,534.0700,28,3,24,0.1071,5,False,nobel-settled-fee-off
sim-hiro-slice,Hiro Slice,diversified_slice,True,10000.0000,9350.2000,9350.2000,0.0000,-649.8000,0.0000,0.0000,32,0,-0.0650,2149.8000,32,3,29,0.0938,6,False,nobel-settled-fee-off
sim-gina-tight,Gina Tight,tight_value,True,10000.0000,9205.4600,9205.4600,0.0000,-794.5400,0.0000,0.0000,56,0,-0.0795,1794.5400,56,2,54,0.0357,7,False,nobel-settled-fee-off
sim-cleo-longshot,Cleo Longshot,longshot_hold,True,10000.0000,8920.0000,8920.0000,0.0000,-1080.0000,0.0000,0.0000,57,0,-0.1080,2580.0000,57,3,54,0.0526,8,False,nobel-settled-fee-off
sim-ines-volume,Ines Volume,volume_momentum,True,10000.0000,7746.6200,7746.6200,0.0000,-2253.3800,0.0000,0.0000,541,0,-0.2253,6244.3800,292,52,230,0.1781,9,False,nobel-settled-fee-off
sim-dmitri-momentum,Dmitri Momentum,momentum,True,10000.0000,4433.0500,4433.0500,0.0000,-5566.9500,0.0000,0.0000,1030,0,-0.5567,9549.9500,537,53,469,0.0987,10,False,nobel-settled-fee-off
sim-farid-fade,Farid Fade,contrarian,True,10000.0000,3647.4200,3647.4200,0.0000,-6352.5800,0.0000,0.0000,1033,0,-0.6353,7900.5800,539,34,477,0.0631,11,False,nobel-settled-fee-off
sim-ada-hold,Ada Hold,hold_cash,True,10000.0000,10000.0000,10000.0000,0.0000,0.0000,0.0000,0.0000,0,0,0.0000,0.0000,0,0,0,,1,False,nobel-settled-size-250
sim-jonas-exit,Jonas Exit,favorite_exit,True,10000.0000,9991.8000,9991.8000,0.0000,-8.2000,0.0000,15.4000,3,0,-0.0008,110.0500,2,1,1,0.5000,2,False,nobel-settled-size-250
sim-basil-favorite,Basil Favorite,favorite_hold,True,10000.0000,9847.7200,9847.7200,0.0000,-152.2800,0.0000,9.6300,2,0,-0.0152,152.2800,2,1,1,0.5000,3,False,nobel-settled-size-250
sim-kira-null,Kira Null,seeded_null,True,10000.0000,9662.3900,9662.3900,0.0000,-337.6100,0.0000,80.9200,47,0,-0.0338,5681.6100,47,20,27,0.4255,4,False,nobel-settled-size-250
sim-elena-revert,Elena Revert,mean_revert,True,10000.0000,9238.8400,9238.8400,0.0000,-761.1600,0.0000,239.0100,49,0,-0.0761,761.1600,28,3,25,0.1071,5,False,nobel-settled-size-250
sim-hiro-slice,Hiro Slice,diversified_slice,True,10000.0000,9005.8100,9005.8100,0.0000,-994.1900,0.0000,134.2900,32,0,-0.0994,2494.1900,32,3,29,0.0938,6,False,nobel-settled-size-250
sim-gina-tight,Gina Tight,tight_value,True,10000.0000,8994.1500,8994.1500,0.0000,-1005.8500,0.0000,115.8500,56,0,-0.1006,2005.8500,56,2,54,0.0357,7,False,nobel-settled-size-250
sim-cleo-longshot,Cleo Longshot,longshot_hold,True,10000.0000,8757.7600,8757.7600,0.0000,-1242.2400,0.0000,162.2400,57,0,-0.1242,2742.2400,57,3,54,0.0526,8,False,nobel-settled-size-250
sim-ines-volume,Ines Volume,volume_momentum,True,10000.0000,5985.0700,5985.0700,0.0000,-4014.9300,0.0000,1524.3600,502,0,-0.4015,9999.9300,269,36,233,0.1338,9,False,nobel-settled-size-250
sim-dmitri-momentum,Dmitri Momentum,momentum,True,10000.0000,2725.0100,2725.0100,0.0000,-7274.9900,0.0000,2207.8600,918,0,-0.7275,9964.9900,475,34,441,0.0716,10,False,nobel-settled-size-250
sim-farid-fade,Farid Fade,contrarian,True,10000.0000,1085.1200,1085.1200,0.0000,-8914.8800,0.0000,2482.7900,984,0,-0.8915,9999.8800,511,21,490,0.0411,11,False,nobel-settled-size-250
sim-ada-hold,Ada Hold,hold_cash,True,10000.0000,10000.0000,10000.0000,0.0000,0.0000,0.0000,0.0000,0,0,0.0000,0.0000,0,0,0,,1,False,panel-settled-fee-off
sim-jonas-exit,Jonas Exit,favorite_exit,True,10000.0000,9837.4600,9837.4600,0.0000,-162.5400,0.0000,0.0000,30,0,-0.0163,163.4700,16,5,11,0.3125,2,False,panel-settled-fee-off
sim-basil-favorite,Basil Favorite,favorite_hold,True,10000.0000,9773.7400,9773.7400,0.0000,-226.2600,0.0000,0.0000,16,0,-0.0226,1439.2600,16,10,6,0.6250,3,False,panel-settled-fee-off
sim-kira-null,Kira Null,seeded_null,True,10000.0000,9444.0200,9444.0200,0.0000,-555.9800,0.0000,0.0000,37,0,-0.0556,2286.9800,37,9,28,0.2432,4,False,panel-settled-fee-off
sim-cleo-longshot,Cleo Longshot,longshot_hold,True,10000.0000,8900.0000,8900.0000,0.0000,-1100.0000,0.0000,0.0000,37,0,-0.1100,2100.0000,37,2,35,0.0541,5,False,panel-settled-fee-off
sim-gina-tight,Gina Tight,tight_value,True,10000.0000,8798.6300,8798.6300,0.0000,-1201.3700,0.0000,0.0000,45,0,-0.1201,2885.3700,45,6,39,0.1333,6,False,panel-settled-fee-off
sim-elena-revert,Elena Revert,mean_revert,True,10000.0000,8629.2400,8629.2400,0.0000,-1370.7600,0.0000,0.0000,216,0,-0.1371,1446.7300,119,31,74,0.2605,7,False,panel-settled-fee-off
sim-hiro-slice,Hiro Slice,diversified_slice,True,10000.0000,8442.3500,8442.3500,0.0000,-1557.6500,0.0000,0.0000,45,0,-0.1558,3856.6500,45,11,34,0.2444,8,False,panel-settled-fee-off
sim-farid-fade,Farid Fade,contrarian,True,10000.0000,5747.0500,5747.0500,0.0000,-4252.9500,0.0000,0.0000,1429,0,-0.4253,5513.8000,739,228,464,0.3085,9,False,panel-settled-fee-off
sim-ines-volume,Ines Volume,volume_momentum,True,10000.0000,5710.6500,5710.6500,0.0000,-4289.3500,0.0000,0.0000,1066,0,-0.4289,8706.3900,557,119,416,0.2136,10,False,panel-settled-fee-off
sim-dmitri-momentum,Dmitri Momentum,momentum,True,10000.0000,3742.0800,3742.0800,0.0000,-6257.9200,0.0000,0.0000,1387,0,-0.6258,9915.6000,717,134,564,0.1869,11,False,panel-settled-fee-off
sim-ada-hold,Ada Hold,hold_cash,True,10000.0000,10000.0000,10000.0000,0.0000,0.0000,0.0000,0.0000,0,0,0.0000,0.0000,0,0,0,,1,False,panel-settled-size-250
sim-jonas-exit,Jonas Exit,favorite_exit,True,10000.0000,9444.0400,9444.0400,0.0000,-555.9600,0.0000,147.3000,30,0,-0.0556,555.9600,16,5,11,0.3125,2,False,panel-settled-size-250
sim-basil-favorite,Basil Favorite,favorite_hold,True,10000.0000,9351.9900,9351.9900,0.0000,-648.0100,0.0000,78.5900,16,0,-0.0648,3691.0100,16,10,6,0.6250,3,False,panel-settled-size-250
sim-kira-null,Kira Null,seeded_null,True,10000.0000,8947.7100,8947.7100,0.0000,-1052.2900,0.0000,143.8700,37,0,-0.1052,4375.2900,37,9,28,0.2432,4,False,panel-settled-size-250
sim-cleo-longshot,Cleo Longshot,longshot_hold,True,10000.0000,8772.6000,8772.6000,0.0000,-1227.4000,0.0000,127.4000,37,0,-0.1227,2227.4000,37,2,35,0.0541,5,False,panel-settled-size-250
sim-gina-tight,Gina Tight,tight_value,True,10000.0000,7997.6400,7997.6400,0.0000,-2002.3600,0.0000,227.3600,45,0,-0.2002,4502.3600,45,6,39,0.1333,6,False,panel-settled-size-250
sim-hiro-slice,Hiro Slice,diversified_slice,True,10000.0000,7389.1400,7389.1400,0.0000,-2610.8600,0.0000,275.1700,45,0,-0.2611,6827.8600,45,11,34,0.2444,7,False,panel-settled-size-250
sim-elena-revert,Elena Revert,mean_revert,True,10000.0000,6671.0700,6671.0700,0.0000,-3328.9300,0.0000,1217.3800,216,0,-0.3329,3419.9300,119,25,94,0.2101,8,False,panel-settled-size-250
sim-ines-volume,Ines Volume,volume_momentum,True,10000.0000,4439.0500,4439.0500,0.0000,-5560.9500,0.0000,2045.5300,644,0,-0.5561,9741.4400,337,59,277,0.1751,9,False,panel-settled-size-250
sim-dmitri-momentum,Dmitri Momentum,momentum,True,10000.0000,2979.0200,2979.0200,0.0000,-7020.9800,0.0000,2395.6600,866,0,-0.7021,9930.9800,445,59,385,0.1326,10,False,panel-settled-size-250
sim-farid-fade,Farid Fade,contrarian,True,10000.0000,792.0000,792.0000,0.0000,-9208.0000,0.0000,4940.3300,1180,0,-0.9208,10245.4700,612,131,481,0.2141,11,False,panel-settled-size-250
sim-ada-hold,Ada Hold,hold_cash,True,10000.0000,10000.0000,10000.0000,0.0000,0.0000,0.0000,0.0000,0,0,0.0000,0.0000,0,0,0,,1,False,panel-settled-momentum-5c
sim-jonas-exit,Jonas Exit,favorite_exit,True,10000.0000,9778.6800,9778.6800,0.0000,-221.3200,0.0000,58.7800,30,0,-0.0221,221.3200,16,5,11,0.3125,2,False,panel-settled-momentum-5c
sim-basil-favorite,Basil Favorite,favorite_hold,True,10000.0000,9742.4000,9742.4000,0.0000,-257.6000,0.0000,31.3400,16,0,-0.0258,1470.6000,16,10,6,0.6250,3,False,panel-settled-momentum-5c
sim-kira-null,Kira Null,seeded_null,True,10000.0000,9353.3700,9353.3700,0.0000,-646.6300,0.0000,90.6500,37,0,-0.0647,2377.6300,37,9,28,0.2432,4,False,panel-settled-momentum-5c
sim-cleo-longshot,Cleo Longshot,longshot_hold,True,10000.0000,8772.6000,8772.6000,0.0000,-1227.4000,0.0000,127.4000,37,0,-0.1227,2227.4000,37,2,35,0.0541,5,False,panel-settled-momentum-5c
sim-gina-tight,Gina Tight,tight_value,True,10000.0000,8642.2700,8642.2700,0.0000,-1357.7300,0.0000,156.3600,45,0,-0.1358,3041.7300,45,6,39,0.1333,6,False,panel-settled-momentum-5c
sim-hiro-slice,Hiro Slice,diversified_slice,True,10000.0000,8264.9200,8264.9200,0.0000,-1735.0800,0.0000,177.4300,45,0,-0.1735,4034.0800,45,11,34,0.2444,7,False,panel-settled-momentum-5c
sim-elena-revert,Elena Revert,mean_revert,True,10000.0000,7884.7200,7884.7200,0.0000,-2115.2800,0.0000,744.5200,216,0,-0.2115,2172.0800,119,25,94,0.2101,8,False,panel-settled-momentum-5c
sim-ines-volume,Ines Volume,volume_momentum,True,10000.0000,5734.4600,5734.4600,0.0000,-4265.5400,0.0000,1346.9500,458,0,-0.4266,8649.5400,251,61,190,0.2430,9,False,panel-settled-momentum-5c
sim-dmitri-momentum,Dmitri Momentum,momentum,True,10000.0000,4813.1900,4813.1900,0.0000,-5186.8100,0.0000,1613.8100,554,0,-0.5187,9683.8100,299,61,238,0.2040,10,False,panel-settled-momentum-5c
sim-farid-fade,Farid Fade,contrarian,True,10000.0000,1657.3600,1657.3600,0.0000,-8342.6400,0.0000,4089.6900,1429,0,-0.8343,9406.7000,739,153,586,0.2070,11,False,panel-settled-momentum-5c
sim-dmitri-momentum,Dmitri Momentum,momentum,True,10000.0000,21258.2500,21258.2500,0.0000,11258.2500,0.0000,4128.1500,1249,0,1.1258,6837.8100,649,265,384,0.4083,1,False,panel-settled-fill-at-trade
sim-ines-volume,Ines Volume,volume_momentum,True,10000.0000,21067.8200,21067.8200,0.0000,11067.8200,0.0000,3556.9400,1091,0,1.1068,6404.9800,570,233,337,0.4088,2,False,panel-settled-fill-at-trade
sim-kira-null,Kira Null,seeded_null,True,10000.0000,11971.5600,11971.5600,0.0000,1971.5600,0.0000,93.3100,36,0,0.1972,2865.0900,36,13,23,0.3611,3,False,panel-settled-fill-at-trade
sim-ada-hold,Ada Hold,hold_cash,True,10000.0000,10000.0000,10000.0000,0.0000,0.0000,0.0000,0.0000,0,0,0.0000,0.0000,0,0,0,,4,False,panel-settled-fill-at-trade
sim-jonas-exit,Jonas Exit,favorite_exit,True,10000.0000,9876.9300,9876.9300,0.0000,-123.0700,0.0000,60.9200,30,0,-0.0123,123.0700,16,7,9,0.4375,5,False,panel-settled-fill-at-trade
sim-basil-favorite,Basil Favorite,favorite_hold,True,10000.0000,9774.6400,9774.6400,0.0000,-225.3600,0.0000,33.6000,16,0,-0.0225,1461.3600,16,10,6,0.6250,6,False,panel-settled-fill-at-trade
sim-elena-revert,Elena Revert,mean_revert,True,10000.0000,9707.4100,9707.4100,0.0000,-292.5900,0.0000,726.3000,220,0,-0.0293,783.2100,111,56,55,0.5045,7,False,panel-settled-fill-at-trade
sim-cleo-longshot,Cleo Longshot,longshot_hold,True,10000.0000,8904.9800,8904.9800,0.0000,-1095.0200,0.0000,120.0200,36,0,-0.1095,2099.0000,36,2,34,0.0556,8,False,panel-settled-fill-at-trade
sim-gina-tight,Gina Tight,tight_value,True,10000.0000,8673.5400,8673.5400,0.0000,-1326.4600,0.0000,155.7600,45,0,-0.1326,2996.4600,45,6,39,0.1333,9,False,panel-settled-fill-at-trade
sim-hiro-slice,Hiro Slice,diversified_slice,True,10000.0000,8413.3600,8413.3600,0.0000,-1586.6400,0.0000,172.8000,45,0,-0.1587,3888.4900,45,11,34,0.2444,10,False,panel-settled-fill-at-trade
sim-farid-fade,Farid Fade,contrarian,True,10000.0000,4688.2500,4688.2500,0.0000,-5311.7500,0.0000,4128.1500,1249,0,-0.5312,6937.7100,649,226,423,0.3482,11,False,panel-settled-fill-at-trade
